Search Term,Idea,Application Area,Example Analog,Strategic Rationale
"Quadcopter drone with ducted fans for safety, 4K HDR camera with night vision and thermal imaging, AI-powered onboard computer for autonomous patrol and threat identification, Encrypted Wi-Fi and 5G communication module, Automated charging and docking station, Integration with Alexa and the Ring security ecosystem",The Ring Aura Security Drone,Smart Home & Property Security,"Sunflower Labs Home Awareness System, DJI consumer drones, Azena AI security cameras","Leverages competencies in Smart Home Technology (Ring), AI Services (threat detection), Last-mile Delivery (drone navigation R&D), and Cloud Computing (AWS for video storage and analysis). It creates a new, premium subscription tier within the highly successful Ring ecosystem, moving from passive monitoring to active, autonomous surveillance and response."
"Short-throw 4K laser projector, Integrated far-field microphone array for Alexa voice commands, 3D depth-sensing camera for gesture control, High-fidelity Dolby Atmos speakers, Onboard processor for running Twitch, Prime Video, and a live shopping UI",The Echo Stage Interactive Projector,Live Commerce & Home Entertainment,"Samsung Freestyle Projector, Anker Nebula Capsule, QVC/HSN (as a broadcast shopping concept)","Combines Live Video Streaming (Twitch), E-commerce, Consumer Electronics (Echo hardware), and AI (voice/gesture control) to create a new 'shoppertainment' category. It turns passive viewing into an interactive and seamless purchasing experience, directly connecting creator influence on Twitch with the third-party seller marketplace, driving high-conversion sales."
"Phased-array satellite antenna for Kuiper network connection, High-accuracy GPS module, Ruggedized, IP68-rated casing, Long-life battery with solar charging capabilities, Bluetooth LE for pairing with a smartphone app, Dedicated SOS button linked to emergency services",The Kuiper Link Satellite Communicator,Outdoor Recreation & Global Emergency Communications,"Garmin inReach Messenger, Zoleo Satellite Communicator, Apple Emergency SOS via satellite (feature)","Creates a direct consumer hardware product for the massive investment in Satellite Broadband (Project Kuiper). It opens up a new recurring revenue stream via a satellite data subscription service, while also integrating with the E-commerce platform to bundle and sell outdoor/emergency gear. It leverages AWS for the communication backend infrastructure."
"Refrigerator unit with modular compartments, Internal AI-powered computer vision cameras for item recognition, On-door touchscreen display with Alexa and Prime Video integration, Weight sensors on shelves for quantity tracking, Seamless API integration with Amazon Fresh and Whole Foods for automated ordering",The Amazon Pantry Smart Refrigerator,Smart Home & Automated Grocery Retail,"Samsung Family Hub Refrigerator, LG InstaView ThinQ with Alexa, Instacart (as a service)","Utilizes core competencies in E-commerce (Groceries), AI (computer vision), Consumer Electronics (hardware design), and Logistics to create the ultimate lock-in for the grocery ecosystem. It automates the entire food supply chain from home to delivery, generating unparalleled data on consumption patterns for hyper-targeted advertising and supply chain optimization."
"Bedside device with a minimalist clock face, Non-contact Soli-radar sensor for sleep and vital signs tracking (respiratory rate), Secure enclave processor for HIPAA-compliant data handling, Integration with Alexa for voice-based health queries, API connection to Amazon Pharmacy (for prescription reminders) and Amazon Clinic (for data sharing)",The Amazon Care Hub,Digital Health & At-Home Wellness,"Google Nest Hub (2nd Gen) with Sleep Sensing, Withings Sleep Analyzer, Halo Rise (predecessor concept)","Deepens the push into healthcare by combining Digital Health Services, Consumer Electronics (Echo/Alexa ecosystem), and AI. It creates a platform for collecting longitudinal health data in the home, driving subscriptions and engagement with the high-margin pharmacy and telehealth businesses. It provides a less intrusive alternative to wearable health trackers."
"Insulated, climate-controlled secure container (refrigeration/heating), Secure electronic lock integrated with Amazon Key delivery authentication, Internal wide-angle camera for delivery/pickup verification, Barcode scanner for courier and return package registration, Internet connectivity module for real-time notifications via Ring/Alexa apps",The Prime AirBox Home Locker,Last-Mile Logistics & Home Security,"Yale Smart Delivery Box, Amazon Locker (public version), Package Guard","Merges the Last-mile Delivery Network, Logistics, and Smart Home Technology (Ring) to solve the final 50 feet of delivery. It eliminates porch piracy, enables secure, unattended delivery of groceries and pharmaceuticals, and streamlines the reverse logistics of returns. This hardware optimizes delivery driver efficiency and increases customer trust."
"Large-format (13-inch) E-Ink Carta HD display, Ultra-low power processor, Far-field microphone array for ambient Alexa interactions, Wi-Fi connectivity, Ambient light sensor to adjust front light, Thin-profile frame for wall mounting",The Echo Scribe E-Ink Display,Smart Home & Personal Organization,"DAKboard, Skylight Calendar, Kindle Scribe","Combines the beloved low-power, non-emissive screen technology from Consumer Electronics (Kindle) with the smart home utility of the Voice AI (Alexa) ecosystem. It creates a new category of calm, ambient information displays, driving deeper integration of Alexa services (shopping lists, calendars, Kindle books) into the fabric of the home."
"Washable, durable NFC chip, Passive RFID antenna for logistics scanning, Unique, encrypted product identifier, Cloud-based digital passport for each item, hosted on AWS",The Amazon Fabric Tag,Retail Logistics & Apparel E-commerce,"EON Product Cloud, Avery Dennison Smart Labels, QR codes on packaging","Leverages the Third-party Seller Marketplace, Global Logistics, and Cloud Infrastructure (AWS) to tackle the biggest challenge in fashion e-commerce: returns. This smart tag streamlines reverse logistics, combats counterfeiting, provides valuable fit and return data to sellers, and enhances the customer experience with post-purchase content, thereby improving marketplace quality."
"Compact 4K HDR webcam with a high-quality lens, Cardioid condenser USB microphone, Mini audio/video mixer with programmable LCD keys, Companion software that leverages AWS for cloud-based transcoding and real-time effects, Deep integration with the Twitch platform and its third-party marketplace for extensions",The Twitch Creator Hub,Content Creation & Live Streaming,"Elgato Stream Deck + Facecam, Rodecaster Pro II, Logitech for Creators product line","An integrated hardware solution that leverages the Live Streaming Platform (Twitch), Cloud Computing (AWS), and the Third-Party Marketplace. It lowers the technical barrier for new streamers, growing the Twitch content ecosystem. It creates a new hardware revenue stream and uses AWS as a key differentiator for features like cloud-powered effects, reducing the need for expensive local hardware."
"Rugged six-wheel electric chassis with independent suspension, Sensor suite including 360-degree cameras, Lidar, and ultrasonic sensors, Onboard AI processor for autonomous navigation and person-following, Secure, lockable cargo compartment (approx. 2 cubic feet), GPS and local mesh network connectivity, Smartphone app for control and mission planning",The Amazon Scout Companion Bot,Personal Robotics & Accessibility Aids,"GitaBot by Piaggio Fast Forward, Labrador Systems' assistive robots, Starship Technologies delivery robots (commercial analog)","Productizes the extensive R&D from the commercial Last-mile Delivery Network (Project Scout) into a consumer-facing object. This leverages AI, Logistics, and Consumer Electronics expertise to create a new category of personal logistics robots. It serves as a powerful accessibility tool, directly connecting users to the e-commerce and delivery ecosystem in a tangible way."
